{"cameraMode":{"drawMode":0,"name":"Shaded","section":"Shading Mode"},"sceneLighting":true,"audioPlay":false,"sceneViewState":{"showFog":true,"showMaterialUpdate":false,"showSkybox":true,"showFlares":true,"showImageEffects":true,"showParticleSystems":true},"in2DMode":false,"pivot":{"x":-6.4776811599731449,"y":4.797183513641357,"z":9.748417854309082},"rotation":{"x":-0.0006002893787808716,"y":-0.04139791429042816,"z":-0.000024809010938042775,"w":0.999142587184906},"size":28.731143951416017,"orthographic":false}