{"cameraMode":{"drawMode":0,"name":"Shaded","section":"Shading Mode"},"sceneLighting":true,"audioPlay":false,"sceneViewState":{"showFog":true,"showMaterialUpdate":false,"showSkybox":true,"showFlares":true,"showImageEffects":true,"showParticleSystems":true},"in2DMode":false,"pivot":{"x":6.138461112976074,"y":2.0601158142089845,"z":8.595468521118164},"rotation":{"x":0.12193125486373902,"y":0.0511837862432003,"z":-0.006296094506978989,"w":0.9911980032920837},"size":32.07756423950195,"orthographic":false}